{
  "title": "",
  "description": "",
  "variables": {
    "getRinnaiDemoAllListSDP": {
      "type": "vb/ServiceDataProvider",
      "defaultValue": {
        "endpoint": "rinnai_adb/getRinnai_demo_all",
        "keyAttributes": "id",
        "itemsPath": "items",
        "responseType": "getRinnaiDemoAllResponse"
      }
    },
    "oj_table_2042699835_1SelectedId": {
      "type": "string",
      "defaultValue": ""
    }
  },
  "metadata": {},
  "types": {
    "@decorators.getRinnaiDemoAllResponse": {
      "endpoint": "getRinnai_demo_all",
      "service": "rinnai_adb",
      "path": "response"
    },
    "getRinnaiDemoAllResponse": {
      "items": [
        {
          "firstname": "string",
          "id": "number",
          "lastname": "string",
          "managerdate": "any",
          "requester": "string",
          "requesterdate": "string",
          "status": "string"
        }
      ]
    }
  },
  "eventListeners": {
    "buttonAction": {
      "chains": [
        {
          "chainId": "ButtonActionChain"
        }
      ]
    },
    "getRinnaiDemoSingleDetailButtonClicked": {
      "chains": [
        {
          "chainId": "navigateToGetRinnaiDemoSingleDetailChain",
          "parameters": {
            "getRinnaiDemoSingleId": "[[ $variables.oj_table_2042699835_1SelectedId ]]"
          }
        }
      ]
    },
    "oj_table_2042699835_1SelectionChanged": {
      "chains": [
        {
          "chainId": "oj_table_2042699835_1ChangeSelectionChain",
          "parameters": {
            "getRinnaiDemoSingleId": "[[ $event.detail.value.key || '' ]]"
          }
        }
      ]
    },
    "toggleDrawer": {
      "chains": [
        {
          "chainId": "application:toggleDrawerHandler"
        }
      ]
    }

  },
  "imports": {
    "components": {
      "oj-button": {
        "path": "ojs/ojbutton"
      },
      "oj-input-date-time": {
        "path": "ojs/ojdatetimepicker"
      },
      "oj-table": {
        "path": "ojs/ojtable"
      },
      "oj-toolbar": {
        "path": "ojs/ojtoolbar"
      }

    },
    "modules": {
      "ojValidationDateTime": {
        "path": "ojs/ojvalidation-datetime"
      }
    }
  }
}