{
  "schemaVersion": "1.0",
  "name": "FormApprovalProcess",
  "registeredProcess": {
    "id": "oracleinternalpcs~approvalForm!1.3~FormApprovalProcess",
    "project": "approvalForm",
    "projectVersion": "1.3",
    "useDefaultVersion": true,
    "processName": "FormApprovalProcess",
    "isPlayerInstance": false,
    "interfaces": [
      {
        "id": "submitRequest",
        "label": "Submit Request",
        "typeDefinitions": {
          "http://xmlns.oracle.com/bpm/forms/schemas/NewWebForm|NewWebForm": {
            "id": "approvalForm@..@http://xmlns.oracle.com/bpm/forms/schemas/NewWebForm|NewWebForm",
            "label": "NewWebForm",
            "type": "object",
            "properties": {
              "date": {
                "type": "string"
              },
              "delivery": {
                "type": "boolean"
              },
              "lastName": {
                "type": "string"
              },
              "postcode": {
                "type": "string"
              },
              "pickup": {
                "type": "boolean"
              },
              "deliveryInstruction": {
                "type": "string"
              },
              "managerName": {
                "type": "string"
              },
              "firstName": {
                "type": "string"
              },
              "managerDate": {
                "type": "string"
              },
              "street": {
                "type": "string"
              },
              "empName": {
                "type": "string"
              },
              "suburb": {
                "type": "string"
              },
              "state": {
                "type": "string"
              }
            }
          }
        },
        "parameters": {
          "input": {
            "type": "http://xmlns.oracle.com/bpm/forms/schemas/NewWebForm|NewWebForm"
          }
        }
      }
    ]
  }
}