{
  "schemaVersion": "1.0",
  "name": "DemoApproval",
  "registeredProcess": {
    "id": "oracleinternalpcs~Demo_Approval!1.0.0~DemoApproval",
    "project": "Demo Approval",
    "projectVersion": "1.0.0",
    "useDefaultVersion": true,
    "processName": "DemoApproval",
    "isPlayerInstance": false,
    "interfaces": [
      {
        "id": "submitRequest",
        "label": "Submit Request",
        "typeDefinitions": {
          "http://xmlns.oracle.com/bpm/forms/schemas/NewWebForm|NewWebForm": {
            "id": "Demo Approval@..@http://xmlns.oracle.com/bpm/forms/schemas/NewWebForm|NewWebForm",
            "label": "NewWebForm",
            "type": "object",
            "properties": {
              "date": {
                "type": "string"
              },
              "delivery": {
                "type": "boolean"
              },
              "lastName": {
                "type": "string"
              },
              "postcode": {
                "type": "string"
              },
              "pickup": {
                "type": "boolean"
              },
              "deliveryInstruction": {
                "type": "string"
              },
              "managerName": {
                "type": "string"
              },
              "firstName": {
                "type": "string"
              },
              "managerDate": {
                "type": "string"
              },
              "street": {
                "type": "string"
              },
              "empName": {
                "type": "string"
              },
              "suburb": {
                "type": "string"
              },
              "state": {
                "type": "string"
              }
            }
          }
        },
        "parameters": {
          "input": {
            "type": "http://xmlns.oracle.com/bpm/forms/schemas/NewWebForm|NewWebForm"
          }
        }
      }
    ]
  }
}