{
  "root": "loadGetRinnaiDemoSingle",
  "actions": {
    "loadGetRinnaiDemoSingle": {
      "module": "vb/action/builtin/restAction",
      "parameters": {
        "endpoint": "rinnai_adb/getRinnai_demo_single",
        "uriParams": {
          "id": "[[ $page.variables.getRinnaiDemoSingleId ]]"
        },
        "responseType": "page:getRinnaiDemoSingleResponse"
      },
      "outcomes": {
        "success": "assignPayload",
        "failure": "fireErrorNotification"
      }
    },
    "assignPayload": {
      "module": "vb/action/builtin/assignVariablesAction",
      "parameters": {
        "$page.variables.getRinnaiDemoSingle": {
          "source": "[[ $chain.results.loadGetRinnaiDemoSingle.body ]]"
        }
      }
    },
    "fireErrorNotification": {
      "module": "vb/action/builtin/fireNotificationEventAction",
      "parameters": {
        "summary": "Could not load data",
        "message": "[[ 'Could not load data: status ' + $chain.results.loadGetRinnaiDemoSingle.status ]]",
        "type": "error",
        "displayMode": "persist"
      }
    }
  }
}