{
    "roleMapping": {
        "idcsHostUrl": "https://idcs-8a6334431cb7442988704735d5897bf1.identity.oraclecloud.com:443",
        "roles": {
            "User": {
                "base_configuration": {
                    "users": [ ],
                    "groups": [
                        {
                            "id": "db881a64c0324919932a8b7ee3fea3c3",
                            "displayName": "vbcs_demo"
                        }
                    ]
                }
            }
        }
    }
}