{
    "items": [
        {
            "id": 1,
            "firstname": "null",
            "lastname": "null",
            "instructon": "null",
            "instructionoption": "null",
            "phone": "null",
            "address": "test",
            "postcode": "null",
            "requesterdate": "null",
            "managerdate": "null",
            "state": "null",
            "signature": "null",
            "links": [
                {
                    "rel": "self",
                    "href": "https://acgnf6uankoigxq-datalake.adb.us-ashburn-1.oraclecloudapps.com/ords/dev03/rinnai_demo/1"
                }
            ]
        }
    ],
    "hasMore": false,
    "limit": 25,
    "offset": 0,
    "count": 1,
    "links": [
        {
            "rel": "self",
            "href": "https://acgnf6uankoigxq-datalake.adb.us-ashburn-1.oraclecloudapps.com/ords/dev03/rinnai_demo/"
        },
        {
            "rel": "edit",
            "href": "https://acgnf6uankoigxq-datalake.adb.us-ashburn-1.oraclecloudapps.com/ords/dev03/rinnai_demo/"
        },
        {
            "rel": "describedby",
            "href": "https://acgnf6uankoigxq-datalake.adb.us-ashburn-1.oraclecloudapps.com/ords/dev03/metadata-catalog/rinnai_demo/"
        },
        {
            "rel": "first",
            "href": "https://acgnf6uankoigxq-datalake.adb.us-ashburn-1.oraclecloudapps.com/ords/dev03/rinnai_demo/"
        }
    ]
}