{
    "id": 1,
    "firstname": null,
    "lastname": null,
    "instructon": null,
    "instructionoption": null,
    "phone": null,
    "address": "test",
    "postcode": null,
    "requesterdate": null,
    "managerdate": null,
    "state": null,
    "signature": null,
    "signature_clob": null,
    "links": [
        {
            "rel": "self",
            "href": "https://acgnf6uankoigxq-datalake.adb.us-ashburn-1.oraclecloudapps.com/ords/dev03/rinnai_demo/1"
        },
        {
            "rel": "edit",
            "href": "https://acgnf6uankoigxq-datalake.adb.us-ashburn-1.oraclecloudapps.com/ords/dev03/rinnai_demo/1"
        },
        {
            "rel": "describedby",
            "href": "https://acgnf6uankoigxq-datalake.adb.us-ashburn-1.oraclecloudapps.com/ords/dev03/metadata-catalog/rinnai_demo/item"
        },
        {
            "rel": "collection",
            "href": "https://acgnf6uankoigxq-datalake.adb.us-ashburn-1.oraclecloudapps.com/ords/dev03/rinnai_demo/"
        }
    ]
}