{
  "description": "",
  "root": "callFunctionSaveCanvas",
  "actions": {
    "callFunctionSaveCanvas": {
      "module": "vb/action/builtin/callModuleFunctionAction",
      "parameters": {
        "module": "[[ $functions ]]",
        "functionName": "saveCanvas"
      },
      "outcomes": {
        "success": "assignVariablesGetProcessInputVar"
      }
    },
    "assignVariablesGetProcessInputVar": {
      "module": "vb/action/builtin/assignVariablesAction",
      "parameters": {
        "$page.variables.getProcessInputVar": {
          "source": {
            "inputForm": {
              "signature": "{{ $chain.results.callFunctionSaveCanvas }}"
            }
          },
          "reset": "none",
          "auto": "always",
          "mapping": {
            "$target.inputForm": {
              "source": "$source.inputForm",
              "reset": "none",
              "auto": "always"
            }
          }
        }
      }
    }
  },
  "variables": {}
}